[
	{
		"_id": {
			"$oid": "58bfff03920d7b75a92ce2fd"
		},
		"color": "Color",
		"director_name": "James Cameron",
		"num_critic_for_reviews": 723,
		"duration": 178,
		"director_facebook_likes": 0,
		"gross": 760505847,
		"movie_title": "Avatar",
		"num_voted_users": 886204,
		"cast_total_facebook_likes": 4834,
		"facenumber_in_poster": 0,
		"movie_imdb_link": "http://www.imdb.com/title/tt0499549/?ref_=fn_tt_tt_1",
		"num_user_for_reviews": 3054,
		"language": "English",
		"country": "USA",
		"content_rating": "PG-13",
		"budget": 237000000,
		"title_year": 2009,
		"imdb_score": 7.9,
		"aspect_ratio": 1.78,
		"movie_facebook_likes": 33000,
		"actors": [
			{
				"name": "CCH Pounder",
				"facebook_likes": 1000
			},
			{
				"name": "Joel David Moore",
				"facebook_likes": 936
			},
			{
				"name": "Wes Studi",
				"facebook_likes": 855
			}
		],
		"genres": [
			"Action",
			"Adventure",
			"Fantasy",
			"Sci-Fi"
		],
		"plot_keywords": [
			"avatar",
			"future",
			"marine",
			"native",
			"paraplegic"
		]
	},
	{
		"_id": {
			"$oid": "58bfff03920d7b75a92ce2fe"
		},
		"color": "Color",
		"director_name": "Gore Verbinski",
		"num_critic_for_reviews": 302,
		"duration": 169,
		"director_facebook_likes": 563,
		"gross": 309404152,
		"movie_title": "Pirates of the Caribbean: At World's End",
		"num_voted_users": 471220,
		"cast_total_facebook_likes": 48350,
		"facenumber_in_poster": 0,
		"movie_imdb_link": "http://www.imdb.com/title/tt0449088/?ref_=fn_tt_tt_1",
		"num_user_for_reviews": 1238,
		"language": "English",
		"country": "USA",
		"content_rating": "PG-13",
		"budget": 300000000,
		"title_year": 2007,
		"imdb_score": 7.1,
		"aspect_ratio": 2.35,
		"movie_facebook_likes": 0,
		"actors": [
			{
				"name": "Johnny Depp",
				"facebook_likes": 40000
			},
			{
				"name": "Orlando Bloom",
				"facebook_likes": 5000
			},
			{
				"name": "Jack Davenport",
				"facebook_likes": 1000
			}
		],
		"genres": [
			"Action",
			"Adventure",
			"Fantasy"
		],
		"plot_keywords": [
			"goddess",
			"marriage ceremony",
			"marriage proposal",
			"pirate",
			"singapore"
		]
	},
	{
		"_id": {
			"$oid": "58bfff03920d7b75a92ce2ff"
		},
		"color": "Color",
		"director_name": "Sam Mendes",
		"num_critic_for_reviews": 602,
		"duration": 148,
		"director_facebook_likes": 0,
		"gross": 200074175,
		"movie_title": "Spectre",
		"num_voted_users": 275868,
		"cast_total_facebook_likes": 11700,
		"facenumber_in_poster": 1,
		"movie_imdb_link": "http://www.imdb.com/title/tt2379713/?ref_=fn_tt_tt_1",
		"num_user_for_reviews": 994,
		"language": "English",
		"country": "UK",
		"content_rating": "PG-13",
		"budget": 245000000,
		"title_year": 2015,
		"imdb_score": 6.8,
		"aspect_ratio": 2.35,
		"movie_facebook_likes": 85000,
		"actors": [
			{
				"name": "Christoph Waltz",
				"facebook_likes": 11000
			},
			{
				"name": "Rory Kinnear",
				"facebook_likes": 393
			},
			{
				"name": "Stephanie Sigman",
				"facebook_likes": 161
			}
		],
		"genres": [
			"Action",
			"Adventure",
			"Thriller"
		],
		"plot_keywords": [
			"bomb",
			"espionage",
			"sequel",
			"spy",
			"terrorist"
		]
	},
	{
		"_id": {
			"$oid": "58bfff03920d7b75a92ce300"
		},
		"color": "Color",
		"director_name": "Christopher Nolan",
		"num_critic_for_reviews": 813,
		"duration": 164,
		"director_facebook_likes": 22000,
		"gross": 448130642,
		"movie_title": "The Dark Knight Rises",
		"num_voted_users": 1144337,
		"cast_total_facebook_likes": 106759,
		"facenumber_in_poster": 0,
		"movie_imdb_link": "http://www.imdb.com/title/tt1345836/?ref_=fn_tt_tt_1",
		"num_user_for_reviews": 2701,
		"language": "English",
		"country": "USA",
		"content_rating": "PG-13",
		"budget": 250000000,
		"title_year": 2012,
		"imdb_score": 8.5,
		"aspect_ratio": 2.35,
		"movie_facebook_likes": 164000,
		"actors": [
			{
				"name": "Tom Hardy",
				"facebook_likes": 27000
			},
			{
				"name": "Christian Bale",
				"facebook_likes": 23000
			},
			{
				"name": "Joseph Gordon-Levitt",
				"facebook_likes": 23000
			}
		],
		"genres": [
			"Action",
			"Thriller"
		],
		"plot_keywords": [
			"deception",
			"imprisonment",
			"lawlessness",
			"police officer",
			"terrorist plot"
		]
	},
	{
		"_id": {
			"$oid": "58bfff03920d7b75a92ce301"
		},
		"color": "",
		"director_name": "Doug Walker",
		"num_critic_for_reviews": "",
		"duration": "",
		"director_facebook_likes": 131,
		"gross": "",
		"movie_title": "Star Wars: Episode VII - The Force Awakens",
		"num_voted_users": 8,
		"cast_total_facebook_likes": 143,
		"facenumber_in_poster": 0,
		"movie_imdb_link": "http://www.imdb.com/title/tt5289954/?ref_=fn_tt_tt_1",
		"num_user_for_reviews": "",
		"language": "",
		"country": "",
		"content_rating": "",
		"budget": "",
		"title_year": "",
		"imdb_score": 7.1,
		"aspect_ratio": "",
		"movie_facebook_likes": 0,
		"actors": [
			{
				"name": "Doug Walker",
				"facebook_likes": 131
			},
			{
				"name": "Rob Walker",
				"facebook_likes": 12
			},
			{
				"name": "",
				"facebook_likes": 0
			}
		],
		"genres": [
			"Documentary"
		],
		"plot_keywords": [
			""
		]
	},
	{
		"_id": {
			"$oid": "58bfff03920d7b75a92ce302"
		},
		"color": "Color",
		"director_name": "Andrew Stanton",
		"num_critic_for_reviews": 462,
		"duration": 132,
		"director_facebook_likes": 475,
		"gross": 73058679,
		"movie_title": "John Carter",
		"num_voted_users": 212204,
		"cast_total_facebook_likes": 1873,
		"facenumber_in_poster": 1,
		"movie_imdb_link": "http://www.imdb.com/title/tt0401729/?ref_=fn_tt_tt_1",
		"num_user_for_reviews": 738,
		"language": "English",
		"country": "USA",
		"content_rating": "PG-13",
		"budget": 263700000,
		"title_year": 2012,
		"imdb_score": 6.6,
		"aspect_ratio": 2.35,
		"movie_facebook_likes": 24000,
		"actors": [
			{
				"name": "Daryl Sabara",
				"facebook_likes": 640
			},
			{
				"name": "Samantha Morton",
				"facebook_likes": 632
			},
			{
				"name": "Polly Walker",
				"facebook_likes": 530
			}
		],
		"genres": [
			"Action",
			"Adventure",
			"Sci-Fi"
		],
		"plot_keywords": [
			"alien",
			"american civil war",
			"male nipple",
			"mars",
			"princess"
		]
	},
	{
		"_id": {
			"$oid": "58bfff03920d7b75a92ce303"
		},
		"color": "Color",
		"director_name": "Sam Raimi",
		"num_critic_for_reviews": 392,
		"duration": 156,
		"director_facebook_likes": 0,
		"gross": 336530303,
		"movie_title": "Spider-Man 3",
		"num_voted_users": 383056,
		"cast_total_facebook_likes": 46055,
		"facenumber_in_poster": 0,
		"movie_imdb_link": "http://www.imdb.com/title/tt0413300/?ref_=fn_tt_tt_1",
		"num_user_for_reviews": 1902,
		"language": "English",
		"country": "USA",
		"content_rating": "PG-13",
		"budget": 258000000,
		"title_year": 2007,
		"imdb_score": 6.2,
		"aspect_ratio": 2.35,
		"movie_facebook_likes": 0,
		"actors": [
			{
				"name": "J.K. Simmons",
				"facebook_likes": 24000
			},
			{
				"name": "James Franco",
				"facebook_likes": 11000
			},
			{
				"name": "Kirsten Dunst",
				"facebook_likes": 4000
			}
		],
		"genres": [
			"Action",
			"Adventure",
			"Romance"
		],
		"plot_keywords": [
			"sandman",
			"spider man",
			"symbiote",
			"venom",
			"villain"
		]
	},
	{
		"_id": {
			"$oid": "58bfff03920d7b75a92ce304"
		},
		"color": "Color",
		"director_name": "Nathan Greno",
		"num_critic_for_reviews": 324,
		"duration": 100,
		"director_facebook_likes": 15,
		"gross": 200807262,
		"movie_title": "Tangled",
		"num_voted_users": 294810,
		"cast_total_facebook_likes": 2036,
		"facenumber_in_poster": 1,
		"movie_imdb_link": "http://www.imdb.com/title/tt0398286/?ref_=fn_tt_tt_1",
		"num_user_for_reviews": 387,
		"language": "English",
		"country": "USA",
		"content_rating": "PG",
		"budget": 260000000,
		"title_year": 2010,
		"imdb_score": 7.8,
		"aspect_ratio": 1.85,
		"movie_facebook_likes": 29000,
		"actors": [
			{
				"name": "Brad Garrett",
				"facebook_likes": 799
			},
			{
				"name": "Donna Murphy",
				"facebook_likes": 553
			},
			{
				"name": "M.C. Gainey",
				"facebook_likes": 284
			}
		],
		"genres": [
			"Adventure",
			"Animation",
			"Comedy",
			"Family",
			"Fantasy",
			"Musical",
			"Romance"
		],
		"plot_keywords": [
			"17th century",
			"based on fairy tale",
			"disney",
			"flower",
			"tower"
		]
	},
	{
		"_id": {
			"$oid": "58bfff03920d7b75a92ce305"
		},
		"color": "Color",
		"director_name": "Joss Whedon",
		"num_critic_for_reviews": 635,
		"duration": 141,
		"director_facebook_likes": 0,
		"gross": 458991599,
		"movie_title": "Avengers: Age of Ultron",
		"num_voted_users": 462669,
		"cast_total_facebook_likes": 92000,
		"facenumber_in_poster": 4,
		"movie_imdb_link": "http://www.imdb.com/title/tt2395427/?ref_=fn_tt_tt_1",
		"num_user_for_reviews": 1117,
		"language": "English",
		"country": "USA",
		"content_rating": "PG-13",
		"budget": 250000000,
		"title_year": 2015,
		"imdb_score": 7.5,
		"aspect_ratio": 2.35,
		"movie_facebook_likes": 118000,
		"actors": [
			{
				"name": "Chris Hemsworth",
				"facebook_likes": 26000
			},
			{
				"name": "Robert Downey Jr.",
				"facebook_likes": 21000
			},
			{
				"name": "Scarlett Johansson",
				"facebook_likes": 19000
			}
		],
		"genres": [
			"Action",
			"Adventure",
			"Sci-Fi"
		],
		"plot_keywords": [
			"artificial intelligence",
			"based on comic book",
			"captain america",
			"marvel cinematic universe",
			"superhero"
		]
	},
	{
		"_id": {
			"$oid": "58bfff03920d7b75a92ce306"
		},
		"color": "Color",
		"director_name": "David Yates",
		"num_critic_for_reviews": 375,
		"duration": 153,
		"director_facebook_likes": 282,
		"gross": 301956980,
		"movie_title": "Harry Potter and the Half-Blood Prince",
		"num_voted_users": 321795,
		"cast_total_facebook_likes": 58753,
		"facenumber_in_poster": 3,
		"movie_imdb_link": "http://www.imdb.com/title/tt0417741/?ref_=fn_tt_tt_1",
		"num_user_for_reviews": 973,
		"language": "English",
		"country": "UK",
		"content_rating": "PG",
		"budget": 250000000,
		"title_year": 2009,
		"imdb_score": 7.5,
		"aspect_ratio": 2.35,
		"movie_facebook_likes": 10000,
		"actors": [
			{
				"name": "Alan Rickman",
				"facebook_likes": 25000
			},
			{
				"name": "Daniel Radcliffe",
				"facebook_likes": 11000
			},
			{
				"name": "Rupert Grint",
				"facebook_likes": 10000
			}
		],
		"genres": [
			"Adventure",
			"Family",
			"Fantasy",
			"Mystery"
		],
		"plot_keywords": [
			"blood",
			"book",
			"love",
			"potion",
			"professor"
		]
	},
	{
		"_id": {
			"$oid": "58bfff03920d7b75a92ce307"
		},
		"color": "Color",
		"director_name": "Zack Snyder",
		"num_critic_for_reviews": 673,
		"duration": 183,
		"director_facebook_likes": 0,
		"gross": 330249062,
		"movie_title": "Batman v Superman: Dawn of Justice",
		"num_voted_users": 371639,
		"cast_total_facebook_likes": 24450,
		"facenumber_in_poster": 0,
		"movie_imdb_link": "http://www.imdb.com/title/tt2975590/?ref_=fn_tt_tt_1",
		"num_user_for_reviews": 3018,
		"language": "English",
		"country": "USA",
		"content_rating": "PG-13",
		"budget": 250000000,
		"title_year": 2016,
		"imdb_score": 6.9,
		"aspect_ratio": 2.35,
		"movie_facebook_likes": 197000,
		"actors": [
			{
				"name": "Henry Cavill",
				"facebook_likes": 15000
			},
			{
				"name": "Lauren Cohan",
				"facebook_likes": 4000
			},
			{
				"name": "Alan D. Purwin",
				"facebook_likes": 2000
			}
		],
		"genres": [
			"Action",
			"Adventure",
			"Sci-Fi"
		],
		"plot_keywords": [
			"based on comic book",
			"batman",
			"sequel to a reboot",
			"superhero",
			"superman"
		]
	},
	{
		"_id": {
			"$oid": "58bfff03920d7b75a92ce308"
		},
		"color": "Color",
		"director_name": "Bryan Singer",
		"num_critic_for_reviews": 434,
		"duration": 169,
		"director_facebook_likes": 0,
		"gross": 200069408,
		"movie_title": "Superman Returns",
		"num_voted_users": 240396,
		"cast_total_facebook_likes": 29991,
		"facenumber_in_poster": 0,
		"movie_imdb_link": "http://www.imdb.com/title/tt0348150/?ref_=fn_tt_tt_1",
		"num_user_for_reviews": 2367,
		"language": "English",
		"country": "USA",
		"content_rating": "PG-13",
		"budget": 209000000,
		"title_year": 2006,
		"imdb_score": 6.1,
		"aspect_ratio": 2.35,
		"movie_facebook_likes": 0,
		"actors": [
			{
				"name": "Kevin Spacey",
				"facebook_likes": 18000
			},
			{
				"name": "Marlon Brando",
				"facebook_likes": 10000
			},
			{
				"name": "Frank Langella",
				"facebook_likes": 903
			}
		],
		"genres": [
			"Action",
			"Adventure",
			"Sci-Fi"
		],
		"plot_keywords": [
			"crystal",
			"epic",
			"lex luthor",
			"lois lane",
			"return to earth"
		]
	},
	{
		"_id": {
			"$oid": "58bfff03920d7b75a92ce309"
		},
		"color": "Color",
		"director_name": "Marc Forster",
		"num_critic_for_reviews": 403,
		"duration": 106,
		"director_facebook_likes": 395,
		"gross": 168368427,
		"movie_title": "Quantum of Solace",
		"num_voted_users": 330784,
		"cast_total_facebook_likes": 2023,
		"facenumber_in_poster": 1,
		"movie_imdb_link": "http://www.imdb.com/title/tt0830515/?ref_=fn_tt_tt_1",
		"num_user_for_reviews": 1243,
		"language": "English",
		"country": "UK",
		"content_rating": "PG-13",
		"budget": 200000000,
		"title_year": 2008,
		"imdb_score": 6.7,
		"aspect_ratio": 2.35,
		"movie_facebook_likes": 0,
		"actors": [
			{
				"name": "Giancarlo Giannini",
				"facebook_likes": 451
			},
			{
				"name": "Mathieu Amalric",
				"facebook_likes": 412
			},
			{
				"name": "Rory Kinnear",
				"facebook_likes": 393
			}
		],
		"genres": [
			"Action",
			"Adventure"
		],
		"plot_keywords": [
			"action hero",
			"attempted rape",
			"bond girl",
			"official james bond series",
			"revenge"
		]
	},
	{
		"_id": {
			"$oid": "58bfff03920d7b75a92ce30a"
		},
		"color": "Color",
		"director_name": "Gore Verbinski",
		"num_critic_for_reviews": 313,
		"duration": 151,
		"director_facebook_likes": 563,
		"gross": 423032628,
		"movie_title": "Pirates of the Caribbean: Dead Man's Chest",
		"num_voted_users": 522040,
		"cast_total_facebook_likes": 48486,
		"facenumber_in_poster": 2,
		"movie_imdb_link": "http://www.imdb.com/title/tt0383574/?ref_=fn_tt_tt_1",
		"num_user_for_reviews": 1832,
		"language": "English",
		"country": "USA",
		"content_rating": "PG-13",
		"budget": 225000000,
		"title_year": 2006,
		"imdb_score": 7.3,
		"aspect_ratio": 2.35,
		"movie_facebook_likes": 5000,
		"actors": [
			{
				"name": "Johnny Depp",
				"facebook_likes": 40000
			},
			{
				"name": "Orlando Bloom",
				"facebook_likes": 5000
			},
			{
				"name": "Jack Davenport",
				"facebook_likes": 1000
			}
		],
		"genres": [
			"Action",
			"Adventure",
			"Fantasy"
		],
		"plot_keywords": [
			"box office hit",
			"giant squid",
			"heart",
			"liar's dice",
			"monster"
		]
	},
	{
		"_id": {
			"$oid": "58bfff03920d7b75a92ce30b"
		},
		"color": "Color",
		"director_name": "Gore Verbinski",
		"num_critic_for_reviews": 450,
		"duration": 150,
		"director_facebook_likes": 563,
		"gross": 89289910,
		"movie_title": "The Lone Ranger",
		"num_voted_users": 181792,
		"cast_total_facebook_likes": 45757,
		"facenumber_in_poster": 1,
		"movie_imdb_link": "http://www.imdb.com/title/tt1210819/?ref_=fn_tt_tt_1",
		"num_user_for_reviews": 711,
		"language": "English",
		"country": "USA",
		"content_rating": "PG-13",
		"budget": 215000000,
		"title_year": 2013,
		"imdb_score": 6.5,
		"aspect_ratio": 2.35,
		"movie_facebook_likes": 48000,
		"actors": [
			{
				"name": "Johnny Depp",
				"facebook_likes": 40000
			},
			{
				"name": "Ruth Wilson",
				"facebook_likes": 2000
			},
			{
				"name": "Tom Wilkinson",
				"facebook_likes": 1000
			}
		],
		"genres": [
			"Action",
			"Adventure",
			"Western"
		],
		"plot_keywords": [
			"horse",
			"outlaw",
			"texas",
			"texas ranger",
			"train"
		]
	},
	{
		"_id": {
			"$oid": "58bfff03920d7b75a92ce30c"
		},
		"color": "Color",
		"director_name": "Zack Snyder",
		"num_critic_for_reviews": 733,
		"duration": 143,
		"director_facebook_likes": 0,
		"gross": 291021565,
		"movie_title": "Man of Steel",
		"num_voted_users": 548573,
		"cast_total_facebook_likes": 20495,
		"facenumber_in_poster": 0,
		"movie_imdb_link": "http://www.imdb.com/title/tt0770828/?ref_=fn_tt_tt_1",
		"num_user_for_reviews": 2536,
		"language": "English",
		"country": "USA",
		"content_rating": "PG-13",
		"budget": 225000000,
		"title_year": 2013,
		"imdb_score": 7.2,
		"aspect_ratio": 2.35,
		"movie_facebook_likes": 118000,
		"actors": [
			{
				"name": "Henry Cavill",
				"facebook_likes": 15000
			},
			{
				"name": "Christopher Meloni",
				"facebook_likes": 3000
			},
			{
				"name": "Harry Lennix",
				"facebook_likes": 748
			}
		],
		"genres": [
			"Action",
			"Adventure",
			"Fantasy",
			"Sci-Fi"
		],
		"plot_keywords": [
			"based on comic book",
			"british actor playing american character",
			"final battle",
			"origin of hero",
			"reboot"
		]
	},
	{
		"_id": {
			"$oid": "58bfff03920d7b75a92ce30d"
		},
		"color": "Color",
		"director_name": "Andrew Adamson",
		"num_critic_for_reviews": 258,
		"duration": 150,
		"director_facebook_likes": 80,
		"gross": 141614023,
		"movie_title": "The Chronicles of Narnia: Prince Caspian",
		"num_voted_users": 149922,
		"cast_total_facebook_likes": 22697,
		"facenumber_in_poster": 4,
		"movie_imdb_link": "http://www.imdb.com/title/tt0499448/?ref_=fn_tt_tt_1",
		"num_user_for_reviews": 438,
		"language": "English",
		"country": "USA",
		"content_rating": "PG",
		"budget": 225000000,
		"title_year": 2008,
		"imdb_score": 6.6,
		"aspect_ratio": 2.35,
		"movie_facebook_likes": 0,
		"actors": [
			{
				"name": "Peter Dinklage",
				"facebook_likes": 22000
			},
			{
				"name": "Pierfrancesco Favino",
				"facebook_likes": 216
			},
			{
				"name": "Damián Alcázar",
				"facebook_likes": 201
			}
		],
		"genres": [
			"Action",
			"Adventure",
			"Family",
			"Fantasy"
		],
		"plot_keywords": [
			"brother brother relationship",
			"brother sister relationship",
			"good versus evil",
			"king",
			"narnia"
		]
	},
	{
		"_id": {
			"$oid": "58bfff03920d7b75a92ce30e"
		},
		"color": "Color",
		"director_name": "Joss Whedon",
		"num_critic_for_reviews": 703,
		"duration": 173,
		"director_facebook_likes": 0,
		"gross": 623279547,
		"movie_title": "The Avengers",
		"num_voted_users": 995415,
		"cast_total_facebook_likes": 87697,
		"facenumber_in_poster": 3,
		"movie_imdb_link": "http://www.imdb.com/title/tt0848228/?ref_=fn_tt_tt_1",
		"num_user_for_reviews": 1722,
		"language": "English",
		"country": "USA",
		"content_rating": "PG-13",
		"budget": 220000000,
		"title_year": 2012,
		"imdb_score": 8.1,
		"aspect_ratio": 1.85,
		"movie_facebook_likes": 123000,
		"actors": [
			{
				"name": "Chris Hemsworth",
				"facebook_likes": 26000
			},
			{
				"name": "Robert Downey Jr.",
				"facebook_likes": 21000
			},
			{
				"name": "Scarlett Johansson",
				"facebook_likes": 19000
			}
		],
		"genres": [
			"Action",
			"Adventure",
			"Sci-Fi"
		],
		"plot_keywords": [
			"alien invasion",
			"assassin",
			"battle",
			"iron man",
			"soldier"
		]
	},
	{
		"_id": {
			"$oid": "58bfff03920d7b75a92ce30f"
		},
		"color": "Color",
		"director_name": "Rob Marshall",
		"num_critic_for_reviews": 448,
		"duration": 136,
		"director_facebook_likes": 252,
		"gross": 241063875,
		"movie_title": "Pirates of the Caribbean: On Stranger Tides",
		"num_voted_users": 370704,
		"cast_total_facebook_likes": 54083,
		"facenumber_in_poster": 4,
		"movie_imdb_link": "http://www.imdb.com/title/tt1298650/?ref_=fn_tt_tt_1",
		"num_user_for_reviews": 484,
		"language": "English",
		"country": "USA",
		"content_rating": "PG-13",
		"budget": 250000000,
		"title_year": 2011,
		"imdb_score": 6.7,
		"aspect_ratio": 2.35,
		"movie_facebook_likes": 58000,
		"actors": [
			{
				"name": "Johnny Depp",
				"facebook_likes": 40000
			},
			{
				"name": "Sam Claflin",
				"facebook_likes": 11000
			},
			{
				"name": "Stephen Graham",
				"facebook_likes": 1000
			}
		],
		"genres": [
			"Action",
			"Adventure",
			"Fantasy"
		],
		"plot_keywords": [
			"blackbeard",
			"captain",
			"pirate",
			"revenge",
			"soldier"
		]
	},
	{
		"_id": {
			"$oid": "58bfff03920d7b75a92ce310"
		},
		"color": "Color",
		"director_name": "Barry Sonnenfeld",
		"num_critic_for_reviews": 451,
		"duration": 106,
		"director_facebook_likes": 188,
		"gross": 179020854,
		"movie_title": "Men in Black 3",
		"num_voted_users": 268154,
		"cast_total_facebook_likes": 12572,
		"facenumber_in_poster": 1,
		"movie_imdb_link": "http://www.imdb.com/title/tt1409024/?ref_=fn_tt_tt_1",
		"num_user_for_reviews": 341,
		"language": "English",
		"country": "USA",
		"content_rating": "PG-13",
		"budget": 225000000,
		"title_year": 2012,
		"imdb_score": 6.8,
		"aspect_ratio": 1.85,
		"movie_facebook_likes": 40000,
		"actors": [
			{
				"name": "Will Smith",
				"facebook_likes": 10000
			},
			{
				"name": "Michael Stuhlbarg",
				"facebook_likes": 816
			},
			{
				"name": "Nicole Scherzinger",
				"facebook_likes": 718
			}
		],
		"genres": [
			"Action",
			"Adventure",
			"Comedy",
			"Family",
			"Fantasy",
			"Sci-Fi"
		],
		"plot_keywords": [
			"alien",
			"criminal",
			"m.i.b.",
			"maximum security prison",
			"prison"
		]
	}
]